id,probleme,name,category,subcategory,city,province,phone,website,address,hours,is_province_wide,is_urgent,verification_note,description
ab-211,sans adresse,211 Alberta,soutienSocial,Référence communautaire,Province de l'Alberta,AB,211,https://www.ab.211.ca,,"211: disponible 7j/7, 8h-22h. Certaines régions: 24h/24.",t,f,,
ab-alis,sans adresse,ALIS – Emploi Alberta,emploi,Services d'emploi,Province de l'Alberta,AB,1-800-661-3753,https://alis.alberta.ca,,Lun-ven 8h30-16h30. Sans RV ou sur RV selon service.,t,f,,
ab-ahs,sans adresse,Alberta Health Services,sante,Réseau de la santé,Province de l'Alberta,AB,1-877-644-9992,https://www.albertahealthservices.ca,,Lun-ven 8h30-16h30. Pour urgence: 811 (Info-Santé) ou urgence hospitalière.,t,f,,
ab-housing-ab,sans adresse,Alberta Seniors and Community Housing,logement,Logement subventionné,Province de l'Alberta,AB,1-866-716-2333,https://www.alberta.ca/find-housing.aspx,,Bureau lun-ven 8h30-16h30. Liste d'attente – inscription requise.,t,f,,
ab-crea-ab,sans adresse,Association des courtiers immobiliers AB,achatImmobilier,Services immobiliers,Province de l'Alberta,AB,403-228-6845,https://www.crea.ca,,Lun-ven 9h-17h. Sam 9h-12h pour certains bureaux. En ligne 24h.,t,f,,
ab-crisis-line-ab,sans adresse,Crisis Line Alberta,santemental,Crise 24/7,Province de l'Alberta,AB,1-844-944-5465,https://www.albertahealthservices.ca/findhealth/service.aspx?Id=6810,,"Service disponible 24h/24, 7j/7",t,f,,
ab-child-family-ab,sans adresse,Family Resource Network AB,famille,Soutien aux familles,Province de l'Alberta,AB,1-800-668-2700,https://www.alberta.ca/family-support.aspx,,Lun-ven 8h30-16h30. Sur RV.,t,f,,
ab-health-link,sans adresse,Health Link Alberta,sante,Info-Santé 24/7,Province de l'Alberta,AB,811,https://www.albertahealthservices.ca/assets/healthinfo/link/index.html,,"Service disponible 24h/24, 7j/7",t,f,,
ab-cmhc-ab,sans adresse,SCHL – Alberta,achatImmobilier,Aide à l'achat,Province de l'Alberta,AB,1-800-668-2642,https://www.cmhc-schl.gc.ca,,Lun-ven 9h-17h. Sam 9h-12h pour certains bureaux. En ligne 24h.,t,f,,
bc-211,sans adresse,211 Colombie-Britannique,soutienSocial,Référence communautaire,Province de la Colombie-Britannique,BC,211,https://www.211.ca,,"211: disponible 7j/7, 8h-22h. Certaines régions: 24h/24.",t,f,,
bc-crisis-line,sans adresse,BC Crisis Line,santemental,Crise psychologique 24/7,Province de la Colombie-Britannique,BC,1-800-784-2433,https://www.crisiscentre.bc.ca,,"Service disponible 24h/24, 7j/7",t,f,,
bc-housing,sans adresse,BC Housing,logement,Logement subventionné,Province de la Colombie-Britannique,BC,1-800-257-7756,https://www.bchousing.org,,Bureau lun-ven 8h30-16h30. Liste d'attente – inscription requise.,t,f,,
bc-mental-health,sans adresse,BC Mental Health & Substance Use,santemental,Santé mentale et dépendances,Province de la Colombie-Britannique,BC,1-800-663-1441,https://www.bcmhsus.ca,,Lun-ven 8h30-16h30. Sur rendez-vous pour suivi.,t,f,,
bc-transition-house,sans adresse,BC Society of Transition Houses,famille,Violence conjugale,Province de la Colombie-Britannique,BC,1-800-563-0808,https://www.bcsth.ca,,Ligne d'urgence 24h/24. Hébergement sur appel. Confidentiel.,t,f,,
bc-health-link,sans adresse,HealthLink BC,sante,Info-Santé 24/7,Province de la Colombie-Britannique,BC,811,https://www.healthlinkbc.ca,,"Service disponible 24h/24, 7j/7",t,f,,
bc-ircc,sans adresse,IRCC – Immigration BC,immigration,Services d'immigration,Province de la Colombie-Britannique,BC,1-888-242-2100,https://www.canada.ca/fr/immigration-refugies-citoyennete.html,,Lun-ven 8h30-16h30. Sur RV pour consultations spécialisées.,t,f,,
bc-cmhc,sans adresse,SCHL – Colombie-Britannique,achatImmobilier,Aide à l'achat,Province de la Colombie-Britannique,BC,1-800-668-2642,https://www.cmhc-schl.gc.ca,,Lun-ven 9h-17h. Sam 9h-12h pour certains bureaux. En ligne 24h.,t,f,,
bc-workbc,sans adresse,WorkBC – Emploi,emploi,Services d'emploi,Province de la Colombie-Britannique,BC,1-877-952-6914,https://www.workbc.ca,,Lun-ven 8h30-16h30. Sans RV ou sur RV selon service.,t,f,,
mb-211,sans adresse,211 Manitoba,soutienSocial,Référence communautaire,Province du Manitoba,MB,211,https://mb.211.ca,,"211: disponible 7j/7, 8h-22h. Certaines régions: 24h/24.",t,f,,
mb-family-services,sans adresse,Family Services Manitoba,famille,Soutien aux familles,Province du Manitoba,MB,204-945-6171,https://www.gov.mb.ca/fs/,,Lun-ven 8h30-16h30. Sur RV.,t,f,,
mb-health-line,sans adresse,Health Links Manitoba,sante,Info-Santé 24/7,Province du Manitoba,MB,204-788-8200,https://www.gov.mb.ca/health/healthlinks/,,Lun-ven 8h30-16h30. Pour urgence: 811 (Info-Santé) ou urgence hospitalière.,t,f,,
mb-employment-mb,sans adresse,Manitoba Employment Standards,emploi,Standards d'emploi,Province du Manitoba,MB,204-945-3352,https://www.gov.mb.ca/labour/standards/,,Lun-ven 8h30-16h30.,t,f,,
mb-housing-mb,sans adresse,Manitoba Housing,logement,Logement subventionné,Province du Manitoba,MB,204-945-4663,https://www.gov.mb.ca/housing/,,Bureau lun-ven 8h30-16h30. Liste d'attente – inscription requise.,t,f,,
mb-cmhc-mb,sans adresse,SCHL – Manitoba,achatImmobilier,Aide à l'achat,Province du Manitoba,MB,1-800-668-2642,https://www.cmhc-schl.gc.ca,,Lun-ven 9h-17h. Sam 9h-12h pour certains bureaux. En ligne 24h.,t,f,,
nb-211,sans adresse,211 Nouveau-Brunswick,soutienSocial,Référence communautaire,Province du Nouveau-Brunswick,NB,211,https://www.nb.211.ca,,"211: disponible 7j/7, 8h-22h. Certaines régions: 24h/24.",t,f,,
nb-wellness-nb,sans adresse,Bien-être NB,santemental,Santé mentale,Province du Nouveau-Brunswick,NB,1-866-771-7712,https://www.gnb.ca/sante,,Lun-ven 8h30-16h30. Sur rendez-vous pour suivi.,t,f,,
nb-chimo,sans adresse,Chimo – Ligne de crise,santemental,Crise psychologique 24/7,Province du Nouveau-Brunswick,NB,1-800-667-5005,https://www.chimohelpline.ca,,"Service disponible 24h/24, 7j/7",t,f,,
nb-emploi-nb,sans adresse,Emploi NB – Services aux travailleurs,emploi,Services d'emploi,Province du Nouveau-Brunswick,NB,1-888-762-8600,https://www2.gnb.ca/emploi,,Lun-ven 8h30-16h30. Sans RV ou sur RV selon service.,t,f,,
nb-hnb,sans adresse,Horizon Santé-Nord NB,sante,Réseau de la santé,Province du Nouveau-Brunswick,NB,506-857-5111,https://www.horizonnb.ca,,Lun-ven 8h30-16h30. Pour urgence: 811 (Info-Santé) ou urgence hospitalière.,t,f,,
nb-cmhc-nb,sans adresse,SCHL – Nouveau-Brunswick,achatImmobilier,Aide à l'achat,Province du Nouveau-Brunswick,NB,1-800-668-2642,https://www.cmhc-schl.gc.ca,,Lun-ven 9h-17h. Sam 9h-12h pour certains bureaux. En ligne 24h.,t,f,,
nb-housing-nb,sans adresse,Services de logement NB,logement,Logement abordable,Province du Nouveau-Brunswick,NB,1-800-561-4033,https://www2.gnb.ca/content/gnb/fr/departments/social_development/housing.html,,Bureau lun-ven 8h30-16h30. Liste d'attente – inscription requise.,t,f,,
nb-health-line,sans adresse,Téléconsultation médicale NB,sante,Info-Santé,Province du Nouveau-Brunswick,NB,811,https://www2.gnb.ca/content/gnb/fr/services/services_renderer.201397.Health_Link_-_Health_Advice_811.html,,"Service disponible 24h/24, 7j/7",t,f,,
nl-211,sans adresse,211 Terre-Neuve-et-Labrador,soutienSocial,Référence communautaire,Province de Terre-Neuve-et-Labrador,NL,211,https://www.nl.211.ca,,"211: disponible 7j/7, 8h-22h. Certaines régions: 24h/24.",t,f,,
nl-employment-nl,sans adresse,Emploi NL,emploi,Services d'emploi,Province de Terre-Neuve-et-Labrador,NL,709-729-2480,https://www.gov.nl.ca/mae/,,Lun-ven 8h30-16h30. Sans RV ou sur RV selon service.,t,f,,
nl-811-nl,sans adresse,HealthLine NL,sante,Info-Santé 24/7,Province de Terre-Neuve-et-Labrador,NL,811,https://www.gov.nl.ca/hcs/,,"Service disponible 24h/24, 7j/7",t,f,,
nl-crisis-nl,sans adresse,Mental Health Crisis Line NL,santemental,Crise psychologique,Province de Terre-Neuve-et-Labrador,NL,1-888-737-4668,https://www.gov.nl.ca/hcs/mentalhealth/,,"Service disponible 24h/24, 7j/7",t,f,,
nl-cmhc-nl,sans adresse,SCHL – Terre-Neuve-et-Labrador,achatImmobilier,Aide à l'achat,Province de Terre-Neuve-et-Labrador,NL,1-800-668-2642,https://www.cmhc-schl.gc.ca,,Lun-ven 9h-17h. Sam 9h-12h pour certains bureaux. En ligne 24h.,t,f,,
ns-211,sans adresse,211 Nouvelle-Écosse,soutienSocial,Référence communautaire,Province de la Nouvelle-Écosse,NS,211,https://www.ns.211.ca,,"211: disponible 7j/7, 8h-22h. Certaines régions: 24h/24.",t,f,,
ns-811,sans adresse,Info-Santé 811,sante,Info-Santé 24/7,Province de la Nouvelle-Écosse,NS,811,https://www.nshealth.ca,,"Service disponible 24h/24, 7j/7",t,f,,
ns-jobsns,sans adresse,Jobs Nova Scotia,emploi,Services d'emploi,Province de la Nouvelle-Écosse,NS,902-424-5200,https://novascotia.ca/lae/employmentservices/,,Lun-ven 8h30-16h30. Sans RV ou sur RV selon service.,t,f,,
ns-crisis-line,sans adresse,Ligne de crise NS,santemental,Crise psychologique,Province de la Nouvelle-Écosse,NS,1-888-429-8167,https://www.nshealth.ca,,"Service disponible 24h/24, 7j/7",t,f,,
ns-nsha,sans adresse,Nova Scotia Health Authority,sante,Réseau de la santé,Province de la Nouvelle-Écosse,NS,1-855-450-3700,https://www.nshealth.ca,,Lun-ven 8h30-16h30. Pour urgence: 811 (Info-Santé) ou urgence hospitalière.,t,f,,
ns-housing-ns,sans adresse,Nova Scotia Housing,logement,Logement abordable,Province de la Nouvelle-Écosse,NS,902-424-5300,https://www.novascotia.ca/coms/housing/,,Bureau lun-ven 8h30-16h30. Liste d'attente – inscription requise.,t,f,,
ns-cmhc-ns,sans adresse,SCHL – Nouvelle-Écosse,achatImmobilier,Aide à l'achat,Province de la Nouvelle-Écosse,NS,1-800-668-2642,https://www.cmhc-schl.gc.ca,,Lun-ven 9h-17h. Sam 9h-12h pour certains bureaux. En ligne 24h.,t,f,,
nt-211,sans adresse,211 Territoires du Nord-Ouest,soutienSocial,Référence communautaire,Territoires du Nord-Ouest,NT,211,https://www.nt.211.ca,,"211: disponible 7j/7, 8h-22h. Certaines régions: 24h/24.",t,f,,
nt-crisis-nt,sans adresse,Ligne de crise TNO,santemental,Crise psychologique 24/7,Territoires du Nord-Ouest,NT,1-800-661-0844,https://www.hss.gov.nt.ca,,"Service disponible 24h/24, 7j/7",t,f,,
nt-cmhc-nt,sans adresse,SCHL – Territoires du Nord-Ouest,achatImmobilier,Aide à l'achat,Territoires du Nord-Ouest,NT,1-800-668-2642,https://www.cmhc-schl.gc.ca,,Lun-ven 9h-17h. Sam 9h-12h pour certains bureaux. En ligne 24h.,t,f,,
nt-employment-nt,sans adresse,Services aux travailleurs TNO,emploi,Services d'emploi,Yellowknife,NT,867-920-3252,https://www.ece.gov.nt.ca/fr/services/emploi,,Lun-ven 8h30-16h30. Sans RV ou sur RV selon service.,t,f,,
nu-811-nu,sans adresse,811 – Info-Santé Nunavut,sante,Info-Santé 24/7,Territoire du Nunavut,NU,811,https://www.gov.nu.ca/health,,"Service disponible 24h/24, 7j/7",t,f,,
nu-crisis-nu,sans adresse,Kamatsiaqtut Helpline – Nunavut,santemental,Crise psychologique 24/7,Territoire du Nunavut,NU,867-979-3333,https://nunavutcrisisline.com,,"Service disponible 24h/24, 7j/7",t,f,,
nu-cmhc-nu,sans adresse,SCHL – Nunavut,achatImmobilier,Aide à l'achat,Territoire du Nunavut,NU,1-800-668-2642,https://www.cmhc-schl.gc.ca,,Lun-ven 9h-17h. Sam 9h-12h pour certains bureaux. En ligne 24h.,t,f,,
on-211,sans adresse,211 Ontario,soutienSocial,Référence communautaire,Province de l'Ontario,ON,211,https://211ontario.ca,,"211: disponible 7j/7, 8h-22h. Certaines régions: 24h/24.",t,f,,
on-ohip,sans adresse,Assurance-maladie OHIP,sante,Assurance maladie,Province de l'Ontario,ON,1-800-268-1154,https://www.ontario.ca/page/what-ohip-covers,,Lun-ven 8h30-16h30. Pour urgence: 811 (Info-Santé) ou urgence hospitalière.,t,f,,
on-employment-on,sans adresse,Emploi Ontario,emploi,Services d'emploi,Province de l'Ontario,ON,1-800-387-5514,https://www.ontario.ca/page/employment-ontario,,Lun-ven 8h30-16h30. Sans RV ou sur RV selon service.,t,f,,
on-ircc-toronto,sans adresse,"IRCC – Immigration, Réfugiés, Citoyenneté Canada",immigration,Services d'immigration,Province de l'Ontario,ON,1-888-242-2100,https://www.canada.ca/fr/immigration-refugies-citoyennete.html,,Lun-ven 8h30-16h30. Sur RV pour consultations spécialisées.,t,f,,
on-kids-help,sans adresse,Kids Help Phone,santemental,Soutien jeunesse,Province de l'Ontario,ON,1-800-668-6868,https://kidshelpphone.ca,,"Service disponible 24h/24, 7j/7",t,f,,
on-distress,sans adresse,Ligne de crise – Distress Centres of Ontario,santemental,Crise psychologique,Province de l'Ontario,ON,1-800-268-9688,https://www.dcontario.org,,"Service disponible 24h/24, 7j/7",t,f,,
on-crisis-ontario,sans adresse,Lignes de crise provinciales – Ontario,santemental,Ligne de crise 24/7,Province de l'Ontario,ON,1-866-531-2600,https://www.ontario.ca/page/mental-health-crisis-lines,,"Service disponible 24h/24, 7j/7",t,f,,
on-rentals-on,sans adresse,Location — Tribunal du logement,logement,Droits locataires,Province de l'Ontario,ON,1-888-332-3234,https://tribunalsontario.ca/ltb/,,Lun-ven 9h-17h. Consultations sur RV.,t,f,,
on-shelter-housing,sans adresse,Réseau ontarien de refuges (shelter),logement,Hébergement d'urgence,Province de l'Ontario,ON,1-800-265-0798,https://www.ontario.ca/page/housing-services,,"Hébergement d'urgence: accueil 24h/24, 7j/7.",t,f,,
on-cmhc-on,sans adresse,SCHL – Société canadienne d'hypothèques,achatImmobilier,Aide à l'achat,Province de l'Ontario,ON,1-800-668-2642,https://www.cmhc-schl.gc.ca,,Lun-ven 9h-17h. Sam 9h-12h pour certains bureaux. En ligne 24h.,t,f,,
on-workopolis,sans adresse,Service Canada – Guichet-emplois,emploi,Offres d'emploi,Province de l'Ontario,ON,1-800-622-6232,https://www.guichetemplois.gc.ca,,Lun-ven 8h30-16h30.,t,f,,
on-health-line,sans adresse,Télésanté Ontario,sante,Info-Santé,Province de l'Ontario,ON,1-866-797-0000,https://www.ontario.ca/page/get-medical-advice,,Lun-ven 8h30-16h30. Pour urgence: 811 (Info-Santé) ou urgence hospitalière.,t,f,,
pe-211,sans adresse,211 Île-du-Prince-Édouard,soutienSocial,Référence communautaire,Province de l'Île-du-Prince-Édouard,PE,211,https://www.pe.211.ca,,"211: disponible 7j/7, 8h-22h. Certaines régions: 24h/24.",t,f,,
pe-employment-pe,sans adresse,Emploi PEI,emploi,Services d'emploi,Province de l'Île-du-Prince-Édouard,PE,902-368-5780,https://www.princeedwardisland.ca/fr/sujet/emploi,,Lun-ven 8h30-16h30. Sans RV ou sur RV selon service.,t,f,,
pe-family-pe,sans adresse,Family Violence Prevention Services PEI,famille,Violence conjugale,Province de l'Île-du-Prince-Édouard,PE,902-368-6589,https://www.princeedwardisland.ca/fr/information/affaires-sociales-et-aines/violence-familiale,,Ligne d'urgence 24h/24. Hébergement sur appel. Confidentiel.,t,f,,
pe-811,sans adresse,Health PEI – Info-Santé,sante,Info-Santé 24/7,Province de l'Île-du-Prince-Édouard,PE,811,https://www.healthpei.ca,,"Service disponible 24h/24, 7j/7",t,f,,
pe-crisis-line,sans adresse,Ligne de crise IPE,santemental,Crise psychologique,Province de l'Île-du-Prince-Édouard,PE,1-800-218-2885,https://www.princeedwardisland.ca/fr/information/sante-pei,,"Service disponible 24h/24, 7j/7",t,f,,
pe-foodbank-pe,sans adresse,PEI Food Banks,alimentation,Banque alimentaire,Province de l'Île-du-Prince-Édouard,PE,902-368-2961,https://www.feedpei.ca,,"Lun-ven 9h-16h, sam 9h-13h. Horaires varient selon point de distribution.",t,f,,
pe-cmhc-pe,sans adresse,SCHL – Île-du-Prince-Édouard,achatImmobilier,Aide à l'achat,Province de l'Île-du-Prince-Édouard,PE,1-800-668-2642,https://www.cmhc-schl.gc.ca,,Lun-ven 9h-17h. Sam 9h-12h pour certains bureaux. En ligne 24h.,t,f,,
v-grand-chemin,sans adresse,Le Grand Chemin,santemental,Toxicomanie jeunes,Montréal,QC,1-800-668-9210,,,Lun-ven 8h30-16h30. Sur rendez-vous pour suivi.,t,t,,"Réadaptation en dépendance pour jeunes 12-17 ans. Programme résidentiel intensif. Centres à Montréal, Québec et Saint-Célestin."
mh-anebquebec,sans adresse,ANEB – Anorexie et boulimie Québec,santemental,Troubles alimentaires,Province,QC,1-800-630-0907,https://anebquebec.com,,"Service disponible 24h/24, 7j/7",t,t,,"Ligne d'écoute, clavardage, groupes pour TCA. 24/7. Source: anebquebec.com."
imm-arrima,sans adresse,Arrima – Portail du MIFI pour candidats à l'immigration,immigration,Portail gouvernemental,Province,QC,1-877-864-9191,https://www.quebec.ca/immigration/arrima,,Portail en ligne 24h/24. Centre d'appels: lun-ven 8h-20h.,t,f,,Plateforme officielle pour soumettre une déclaration d'intérêt au PRTQ. Source: quebec.ca.
s-cavac-qc,sans adresse,CAVAC – Centres d'aide aux victimes d'actes criminels,soutienSocial,Aide victimes d'actes criminels,Province,QC,1-866-532-2822,https://cavac.qc.ca,,Lun-ven 8h30-16h30.,t,f,,17 CAVAC régionaux. Soutien gratuit aux victimes et témoins d'actes criminels. Source: cavac.qc.ca.
emp-aide-cv-entrevue,sans adresse,Centre d'aide CV et entrevue – Organismes d'aide à l'emploi,emploi,Aide CV et entrevue,Province,QC,1-877-644-4545,https://www.quebec.ca/emploi/trouver-emploi-stage/organismes-aide,,Lun-ven 8h30-16h30.,t,f,,"Annuaire officiel des organismes d'aide à la recherche d'emploi : rédaction de CV, préparation aux entrevues, soutien personnalisé. Recherche par région. Source: quebec.ca."
emp-centre-aide-travailleurs,sans adresse,Centre d'aide aux travailleurs – Québec,emploi,Soutien aux travailleurs,Province,QC,1-877-644-4545,https://www.quebec.ca/famille-et-soutien-aux-personnes/aide-sociale-et-solidarite-sociale,,Lun-ven 8h30-16h30.,t,f,,"Information officielle sur l'aide sociale, la solidarité sociale et le soutien aux travailleurs en difficulté financière. Source: quebec.ca."
mh-drogue-aide,sans adresse,Drogue : aide et référence,santemental,Dépendance substances,Province,QC,1-800-265-2626,https://aidedrogue.ca,,Lun-ven 8h30-16h30. Sur rendez-vous pour suivi.,t,f,,Ligne provinciale gratuite 24/7 pour problèmes de consommation. Source: aidedrogue.ca.
emp-emploi-quebec,sans adresse,Emploi-Québec,emploi,Gouvernement – emploi,Province,QC,1-888-643-4721,https://www.emploiquebec.gouv.qc.ca,,Lun-ven 8h30-16h30.,t,f,,"Service public d'emploi : Placement en ligne, IMT en ligne, programmes de formation et d'employabilité. Source: emploiquebec.gouv.qc.ca."
mh-info-social-qc,sans adresse,Info-Social 811 (option 2),santemental,Ligne provinciale 24/7,Province,QC,811,https://www.quebec.ca/sante/trouver-une-ressource/info-sante-811,,"Service disponible 24h/24, 7j/7",t,t,,"Consultation psychosociale 24/7 par travailleur social. Composez 811, option 2. Source: quebec.ca."
s-info-aide-violence-sexuelle,sans adresse,Info-aide violence sexuelle,soutienSocial,Ligne provinciale – agression sexuelle,Province,QC,1-888-933-9007,https://infoaideviolencesexuelle.ca,,Lun-ven 8h30-16h30.,t,t,,"Ligne d'écoute, info et référence pour victimes d'agression sexuelle. 24/7. Source: infoaideviolencesexuelle.ca."
mh-interligne-lgbtq,sans adresse,Interligne (LGBTQ+),santemental,Soutien LGBTQ+,Province,QC,1-888-505-1010,https://interligne.co,,"Service disponible 24h/24, 7j/7",t,f,,"Ligne d'écoute, info, soutien pour personnes LGBTQ+. 24/7. Source: interligne.co."
mh-jeu-aide,sans adresse,Jeu : aide et référence,santemental,Dépendance jeu,Province,QC,1-800-461-0140,https://aidejeu.ca,,Lun-ven 8h30-16h30. Sur rendez-vous pour suivi.,t,f,,Ligne provinciale gratuite 24/7 pour problèmes de jeu. Source: aidejeu.ca.
mh-suicide-action-qc,sans adresse,Ligne québécoise de prévention du suicide (1 866 APPELLE),santemental,Ligne d'écoute 24/7,Province,QC,1-866-277-3553,https://commentparlerdusuicide.com,,"Service disponible 24h/24, 7j/7",t,t,,"Ligne d'aide gratuite, confidentielle, 24h/24, 7j/7 partout au Québec. Source: aqps.info."
imm-mifi,sans adresse,"Ministère de l'Immigration, Francisation et Intégration (MIFI)",immigration,Gouvernement du Québec,Province,QC,1-877-864-9191,https://www.quebec.ca/immigration,,Lun-ven 8h30-16h30. Sur RV pour consultations spécialisées.,t,f,,"Information officielle sur l'immigration, la francisation et l'intégration au Québec. Source: quebec.ca."
emp-programme-aide-emploi,sans adresse,Programme d'aide à l'emploi – Services Québec (Renseignements généraux),emploi,Gouvernement – emploi,Province,QC,1-877-644-4545,https://www.quebec.ca/emploi,,Lun-ven 8h30-16h30.,t,f,,"Renseignements généraux du gouvernement du Québec : programmes de formation, marché du travail, aide à l'emploi. Lun-Ven 8h-18h. Régions : Montréal 514-644-4545 · Québec 418-644-4545 · Rive-Sud/Laval 450-644-4545 · Mauricie/Outaouais 819-644-4545 · Sans frais 1-877-644-4545. Source: quebec.ca."
s-sos-violence-conjugale,sans adresse,SOS violence conjugale,soutienSocial,Ligne provinciale 24/7 – violence,Province,QC,1-800-363-9010,https://sosviolenceconjugale.ca,,"Service disponible 24h/24, 7j/7",t,t,,"Ligne d'aide gratuite, confidentielle, 24/7. Référence vers refuges et services. Source: sosviolenceconjugale.ca."
emp-services-quebec-centre,sans adresse,Services Québec – Centre de services,emploi,Gouvernement – emploi,Province,QC,1-877-644-4545,https://www.quebec.ca/services-quebec,,Lun-ven 8h30-16h30.,t,f,,"Centres de services Services Québec : information gouvernementale, programmes, démarches. Lun-Ven 8h-18h. Régions : Montréal 514-644-4545 · Québec 418-644-4545 · Rive-Sud/Laval 450-644-4545 · Mauricie/Outaouais 819-644-4545 · Sans frais 1-877-644-4545. Source: quebec.ca."
emp-services-quebec,sans adresse,Services Québec – Centres locaux d'emploi,emploi,Gouvernement – emploi,Province,QC,1-877-644-4545,https://www.quebec.ca/emploi,,Lun-ven 8h30-16h30.,t,f,,"130+ Centres locaux d'emploi (CLE) au Québec : aide à la recherche d'emploi, aide financière de dernier recours, formation. Trouver un CLE par code postal sur le site. Source: quebec.ca."
mh-tel-jeunes-qc,sans adresse,Tel-jeunes,santemental,Ligne d'écoute jeunes,Province,QC,1-800-263-2266,https://teljeunes.com,,"Ligne d'écoute 24h/24, 7j/7",t,t,,"Ligne d'aide pour jeunes 5-20 ans : appel, texto (514-600-1002), clavardage. 24/7. Source: teljeunes.com."
v-anebquebec,sans adresse,ANEB — Troubles alimentaires,santemental,Troubles alimentaires,Province de Québec,QC,1-800-630-0907,,,"Service disponible 24h/24, 7j/7",t,t,,"Anorexie et Boulimie Québec. Ligne d'écoute, clavardage, groupes d'entraide pour personnes vivant avec un trouble alimentaire et leurs proches."
v-aqris,sans adresse,AQIS — Association du Québec pour l'intégration sociale,soutienSocial,Déficience intellectuelle,Province de Québec,QC,1-888-381-2300,,,Lun-ven 8h30-16h30.,t,f,,"Soutien aux personnes vivant avec une déficience intellectuelle et leurs familles. Défense des droits, formation, ressources."
v-aqrips,sans adresse,AQRIPH — Personnes handicapées,soutienSocial,Handicap,Province de Québec,QC,1-888-336-0967,,,Lun-ven 8h30-16h30.,t,f,,"Alliance québécoise des regroupements pour l'intégration des personnes handicapées. Défense des droits, ressources locales partout au Québec."
soc-jurid1,sans adresse,Aide juridique du Québec,soutienSocial,Aide juridique,Province de Québec,QC,1-800-842-2213,,,Lun-ven 8h30-16h30.,t,f,,"Aide juridique gratuite pour personnes à faible revenu : logement, famille, immigration, criminel, aide sociale. Seuils d'admissibilité selon revenu. Bureaux dans toutes les régions."
imm-jurid1,sans adresse,Aide juridique – clinique immigration,immigration,Aide juridique,Province de Québec,QC,1-800-842-2213,,,Lun-ven 8h30-16h30. Sur RV pour consultations spécialisées.,t,f,,"Aide juridique gratuite pour immigrants à faible revenu : statut de réfugié, appels CISR, permis de travail, parrainage. Disponible dans toutes les régions du Québec."
soc-mss1,sans adresse,Aide sociale – Ministère Emploi et Solidarité,soutienSocial,Aide sociale,Province de Québec,QC,1-877-767-8773,,,Lun-ven 8h30-16h30.,t,f,,Programme d'aide sociale et de solidarité sociale du Québec. Prestations mensuelles pour personnes à faible revenu sans emploi. Aide spéciale pour situations d'urgence.
assurance-aviva,sans adresse,Aviva Canada,soutienSocial,Assurance automobile,Province de Québec,QC,1-866-692-8482,,,Lun-ven 8h30-16h30. En ligne 24h/24 pour certains services.,t,t,,"Assureur de dommages présent au Québec via un réseau de courtiers. Produits auto, habitation et assurance spécialisée. Déclaration de sinistre en ligne ou par téléphone 24h/24."
assurance-beneva,sans adresse,Beneva Assurance,soutienSocial,Assurance automobile,Province de Québec,QC,1-877-236-3827,,,Lun-ven 8h30-16h30. En ligne 24h/24 pour certains services.,t,t,,"Beneva (fusion de La Capitale et SSQ) est le plus grand assureur québécois. Assurance auto, habitation et vie. Service en ligne 24h/24, gestion des réclamations rapide et application mobile."
v-cavac,sans adresse,CAVAC — Centre d'aide aux victimes d'actes criminels,soutienSocial,Aide aux victimes,Province de Québec,QC,1-866-532-2822,,,Lun-ven 8h30-16h30.,t,t,,"Aide gratuite et confidentielle pour victimes d'actes criminels et leurs proches : intervention post-traumatique, information sur droits et démarches judiciaires, accompagnement."
emp-form1,sans adresse,CFP – Centres de formation professionnelle,emploi,Formation professionnelle,Province de Québec,QC,1-877-644-4545,,,Lun-ven 8h30-16h30.,t,f,,"Réseau de formations professionnelles reconnues (DEP, AEP). Cuisine, électricité, coiffure, mécanique, soins infirmiers... Programmes financés par le gouvernement. Droits de scolarité réduits."
assurance-cooperators,sans adresse,Co-operators,soutienSocial,Assurance automobile,Province de Québec,QC,1-888-265-6444,,,Lun-ven 8h30-16h30. En ligne 24h/24 pour certains services.,t,t,,"Coopérative d'assurance canadienne. Couvertures auto, habitation et vie au Québec. Conseillers locaux dans plusieurs villes, programme de fidélité et accompagnement personnalisé en cas de sinistre."
soc-drt1,sans adresse,Commission des droits de la personne (CDPDJ),soutienSocial,Défense des droits,Province de Québec,QC,1-800-361-6477,,,Lun-ven 8h30-16h30.,t,f,,"Organisme québécois de défense contre la discrimination et le harcèlement. Plaintes pour discrimination au logement, emploi, services. Aide gratuite aux victimes de violations des droits."
pw-csj-juridique,sans adresse,Commission des services juridiques (Aide juridique),soutienSocial,Aide juridique gratuite,Province de Québec,QC,1-800-842-2213,https://www.csj.qc.ca/,,Lun-ven 8h30-16h30. Sur RV. Garde téléphonique 24h pour arrestation: 1-800-842-2213.,t,f,,"Aide juridique gratuite ou à contribution selon les revenus. Bureaux dans toutes les régions du Québec. Couvre droit familial, criminel, immigration, jeunesse et plus."
urgent-croix-rouge,sans adresse,Croix-Rouge canadienne — Québec,soutienSocial,Aide aux sinistrés,Province de Québec,QC,1-800-418-1111,,,Lun-ven 8h30-16h30.,t,t,,"Aide d'urgence pour les victimes de sinistres : incendie, inondation, tempête. Hébergement temporaire, vêtements, nourriture, médicaments. Disponible 24h/24 en cas de catastrophe. Également présente pour l'aide humanitaire internationale et les formations aux premiers secours."
assurance-desjardins,sans adresse,Desjardins Assurances,soutienSocial,Assurance automobile,Province de Québec,QC,1-800-463-7843,,,Lun-ven 8h30-16h30. En ligne 24h/24 pour certains services.,t,t,,"Assurance auto et habitation du Mouvement Desjardins. Accès par les caisses populaires, en ligne ou par téléphone. Programme Ajusto récompense la conduite prudente avec des rabais."
urgent-drogue-aide,sans adresse,Drogue : aide et référence,santemental,Dépendance et addiction,Province de Québec,QC,1-800-265-2626,,,Lun-ven 8h30-16h30. Urgences: appeler le 811 ou aller à l'urgence.,t,t,,"Ligne provinciale gratuite d'aide et de référence pour les problèmes de dépendance à la drogue, à l'alcool et aux médicaments. Disponible 24h/24, 7j/7. Intervenants spécialisés, orientent vers les centres de réadaptation, groupes de soutien et ressources locales."
pw7,sans adresse,Emploi-Québec,emploi,Services d'emploi,Province de Québec,QC,1-888-643-4721,,,Lun-ven 8h30-16h30. Sans RV ou sur RV selon service.,t,f,,"Services publics d'emploi. Aide à la recherche d'emploi, formations professionnelles et prestations."
emp-pw1,sans adresse,Emploi-Québec – Services d'emploi,emploi,Centre d'emploi,Province de Québec,QC,1-877-644-4545,,,Lun-ven 8h30-16h30.,t,f,,"Service public d'emploi du Québec. Aide à la recherche d'emploi, formation professionnelle, programmes de subvention aux employeurs, aide financière pour les chercheurs d'emploi."
pw-fc-francophone,sans adresse,Fédération culturelle canadienne-française,soutienSocial,Services francophones hors Québec,Province de Québec,QC,1-866-823-3322,https://fccf.ca/,,Lun-ven 8h30-16h30.,t,f,,"Réseau pancanadien des organismes francophones et acadiens. Référence vers services en français hors Québec : éducation, culture, services sociaux, santé."
cpe-pw3,sans adresse,Garde en milieu familial (RSG) – Réseau provincial,famille,Milieu familial subventionné,Province de Québec,QC,1-877-644-4545,,,Lun-ven 7h-18h. Fermeture jours fériés et 2 semaines l'été.,t,f,,Réseau de responsables en service de garde (RSG) à domicile. Tarif subventionné ≈ 10 $/jour. Disponible dans toutes les régions du Québec via Mon Enfant.
v-inca-canada,sans adresse,INCA — Institut national canadien pour les aveugles,soutienSocial,Personnes aveugles,Province de Québec,QC,1-800-465-4622,,,Lun-ven 8h30-16h30.,t,f,,"Services pour personnes aveugles ou ayant une perte de vision. Réadaptation, ligne de référence, soutien aux familles."
urgent-info-crime,sans adresse,Info-Crime Québec,soutienSocial,Sécurité publique,Province de Québec,QC,1-800-711-1800,,,Lun-ven 8h30-16h30.,t,t,,"Service anonyme et confidentiel pour signaler des crimes ou des activités criminelles sans devoir s'identifier. Trafic de drogue, violence, exploitation, vol. L'information est transmise aux corps policiers compétents. Disponible 24h/24."
pw2,sans adresse,Info-Santé / Info-Social,sante,Consultation santé,Province de Québec,QC,811,,,"Service disponible 24h/24, 7j/7",t,t,,Ligne provinciale d'information santé. Infirmières disponibles 24h/24 pour conseils médicaux et orientation.
assurance-intact,sans adresse,Intact Assurance,soutienSocial,Assurance automobile,Province de Québec,QC,1-866-464-2003,,,Lun-ven 8h30-16h30. En ligne 24h/24 pour certains services.,t,t,,"Plus grand assureur de dommages au Canada. Assurance auto et habitation au Québec avec service de réclamation 24h/24, réseau de réparateurs certifiés et application Intact MaVoiture."
v-interligne,sans adresse,Interligne,santemental,LGBTQ+,Province de Québec,QC,1-888-505-1010,,,"Service disponible 24h/24, 7j/7",t,t,,"Centre d'aide et d'écoute pour personnes LGBTQ+ et leurs proches. Téléphone, texto, clavardage. Bilingue. Anonyme et confidentiel. 24h/24."
urgent-jeu-aide,sans adresse,Jeu : aide et référence,santemental,Dépendance et addiction,Province de Québec,QC,1-800-461-0140,,,Lun-ven 8h30-16h30. Urgences: appeler le 811 ou aller à l'urgence.,t,t,,"Ligne provinciale gratuite pour les personnes aux prises avec un problème de jeu compulsif. Disponible 24h/24, 7j/7. Écoute, soutien, référence vers les centres de traitement et groupes d'entraide. Les proches peuvent aussi appeler."
urgent-kids-help,sans adresse,"Jeunesse, j'écoute / Kids Help Phone",santemental,Crise psychologique,Province de Québec,QC,1-800-668-6868,,,"Service disponible 24h/24, 7j/7",t,t,,"Service d'écoute et de counseling professionnel pour les jeunes Canadiens, disponible 24h/24, 365 jours par an. Thérapie par texto (texto 686868), clavardage et téléphone. Sujets : santé mentale, abus, LGBTQ+, identité, intimidation, relations. Entièrement gratuit."
pw-ligneparents-famille,sans adresse,LigneParents,famille,Soutien aux parents,Province de Québec,QC,1-800-361-5085,https://www.ligneparents.com/,,Lun-ven 8h30-16h30. Sur RV.,t,f,,
pw-mifi-immigration,sans adresse,MIFI – Ministère de l'Immigration,immigration,Démarches immigration,Province de Québec,QC,1-877-864-9191,https://www.quebec.ca/immigration,,Lun-ven 8h30-16h30. Sur RV pour consultations spécialisées.,t,f,,"Ministère de l'Immigration, de la Francisation et de l'Intégration. Sélection, francisation, intégration et reconnaissance des compétences pour personnes immigrantes au Québec."
cpe-pw2,sans adresse,Ministère de la Famille – Aide financière garde,famille,Aide financière,Province de Québec,QC,1-877-644-4545,,,Lun-ven 7h-18h. Fermeture jours fériés et 2 semaines l'été.,t,f,,"Information sur les subventions pour garde non subventionnée, aide d'urgence et remboursement d'impôt pour frais de garde (crédit d'impôt pour frais de garde d'enfants)."
cpe-pw1,sans adresse,Mon Enfant – Liste d'attente CPE,famille,CPE subventionné,Province de Québec,QC,1-877-644-4545,,,Inscription via portail 24h/24. Bureau: lun-ven 7h30-17h,t,f,,Portail provincial pour s'inscrire sur la liste d'attente des CPE et garderies subventionnées (≈ 10 $/jour). Géré par le Ministère de la Famille du Québec.
pw-msmq-santement,sans adresse,Mouvement Santé Mentale Québec,santemental,Promotion santé mentale,Province de Québec,QC,1-877-849-4621,https://mouvementsmq.ca/,,Lun-ven 8h30-16h30. Sur rendez-vous pour suivi.,t,f,,"Réseau provincial regroupant 13 organismes communautaires en promotion et prévention de la santé mentale. Outils, ateliers et campagnes annuelles."
hlth-pw3,sans adresse,OPHQ – Office des personnes handicapées,sante,Personnes handicapées,Province de Québec,QC,1-800-567-1465,,,Lun-ven 8h30-16h30. Pour urgence: 811 (Info-Santé) ou urgence hospitalière.,t,f,,"Défense des droits des personnes handicapées au Québec. Aide à l'accès aux services adaptés, transport, logement et emploi. Guide des programmes et ressources disponibles."
v-portage,sans adresse,Portage,santemental,Toxicomanie,Province de Québec,QC,1-866-893-3819,,,Lun-ven 8h30-16h30. Urgences: appeler le 811 ou aller à l'urgence.,t,f,,"Centre de réhabilitation en toxicomanie pour adolescents, adultes, mères avec enfants. Programmes résidentiels au Québec et au Canada."
hlth-pw4,sans adresse,Programme SAPA – Soins à domicile (CISSS/CIUSSS),sante,Soins à domicile,Province de Québec,QC,811,,,"Service disponible 24h/24, 7j/7",t,f,,"Services de soins à domicile pour personnes âgées ou en perte d'autonomie : infirmières, ergothérapeutes, aide-ménagère, repas. Contactez votre CLSC local ou le 811."
assurance-promutuel,sans adresse,Promutuel Assurance,soutienSocial,Assurance automobile,Province de Québec,QC,1-888-466-6883,,,Lun-ven 8h30-16h30. En ligne 24h/24 pour certains services.,t,t,,"Assureur mutuel québécois offrant la couverture auto, habitation et entreprise. Réseau de 17 caisses régionales partout au Québec. Déclaration de sinistre disponible 24h/24."
soc-drt2,sans adresse,Protecteur du citoyen,soutienSocial,Défense des droits,Province de Québec,QC,1-800-463-5070,,,Lun-ven 8h30-16h30.,t,f,,"Ombudsman québécois. Défend les citoyens face aux erreurs ou injustices des ministères et organismes publics du Québec. Gratuit, confidentiel. Aussi pour aide sociale, logement, RAMQ."
hlth-pw1,sans adresse,RAMQ – Régie de l'assurance maladie,sante,Assurance maladie,Province de Québec,QC,1-800-561-9749,,,Lun-ven 8h30-16h30. Pour urgence: 811 (Info-Santé) ou urgence hospitalière.,t,f,,"Inscrivez-vous à la carte d'assurance maladie (RAMQ) pour accéder aux soins de santé couverts. Aide pour personnes sans carte, nouveaux arrivants et situations précaires."
soc-rev1,sans adresse,Revenu Québec – Aide aux personnes à faible revenu,soutienSocial,Services gouvernementaux,Province de Québec,QC,1-800-267-6299,,,Lun-ven 8h30-16h30. En ligne 24h/24 pour certains services.,t,f,,"Aide pour produire votre déclaration de revenus, accéder aux crédits d'impôt (solidarité, TVQ), régulariser des dettes fiscales. Programme Assistance-Revenu et aide aux aînes."
v-revivre,sans adresse,Revivre — Anxiété et dépression,santemental,Anxiété/dépression,Province de Québec,QC,1-866-738-4873,,,Lun-ven 8h30-16h30. Sur rendez-vous pour suivi.,t,f,,"Soutien aux personnes vivant avec anxiété, dépression ou trouble bipolaire. Ligne d'écoute, ateliers d'autogestion, groupes d'entraide."
hlth-aine1,sans adresse,Réseau FADOQ – Services aux aînés,sante,Services aux aînés,Province de Québec,QC,1-800-544-9058,,,Lun-ven 8h30-16h30. Pour urgence: 811 (Info-Santé) ou urgence hospitalière.,t,f,,"Plus grand réseau d'aînés du Québec. Aide aux aînés pour accéder aux services de santé, logement, transport adapté, activités sociales et défense de leurs droits."
pw-shq-logement,sans adresse,SHQ – Société d'habitation du Québec,logement,Logement social et abordable,Province de Québec,QC,1-800-463-4315,https://www.habitation.gouv.qc.ca/,,Lun-ven 8h30-16h30.,t,f,,"Organisme gouvernemental responsable du logement social, abordable et accessible au Québec. Programmes : HLM, supplément au loyer, AccèsLogis, allocation-logement."
emp-pw2,sans adresse,Service Canada – Assurance-emploi (AE),emploi,Aide financière,Province de Québec,QC,1-800-206-7218,,,Lun-ven 8h30-16h30.,t,f,,"Demande de prestations d'assurance-emploi suite à une perte d'emploi. Calculateur de prestations, déclarations bimensuelles, aide aux prestataires en situation précaire."
imm-pw2,sans adresse,Service Canada – Statuts et documents fédéraux,immigration,Services fédéraux,Province de Québec,QC,1-800-622-6232,,,Portail en ligne 24h/24. Centre d'appels: lun-ven 8h-20h.,t,f,,"Immigration, Réfugiés et Citoyenneté Canada (IRCC). Permis de travail, résidence permanente, citoyenneté, réfugiés. Service d'assistance téléphonique gratuit."
pw-servicesqc-emploi,sans adresse,Services Québec – Emploi,emploi,Recherche d'emploi et formation,Province de Québec,QC,1-877-644-4545,https://www.quebec.ca/emploi,,Lun-ven 8h30-16h30.,t,f,,"Centres locaux d'emploi (CLE) partout au Québec : aide à la recherche d'emploi, formations subventionnées, programmes d'intégration en emploi et soutien financier."
pw5,sans adresse,Suicide Action Montréal / Tel-Jeunes,santemental,Prévention suicide,Province de Québec,QC,1-866-APPELLE,,,"Service disponible 24h/24, 7j/7",t,t,,Ligne de prévention du suicide 24h/24. Intervention pour personnes suicidaires et leurs proches.
urgent-securite-civile,sans adresse,Sécurité civile Québec,soutienSocial,Aide aux sinistrés,Province de Québec,QC,1-800-363-1363,,,Lun-ven 8h30-16h30.,t,t,,"Service gouvernemental d'aide aux sinistrés en cas de catastrophe naturelle (inondation, verglas, tempête). Programme d'indemnisation, hébergement d'urgence, rétablissement. Coordination avec les municipalités et organismes communautaires."
police-sq,sans adresse,Sûreté du Québec (SQ),soutienSocial,Service de police,Province de Québec,QC,1-800-461-2131,,,"Service d'urgence 24h/24, 7j/7.",t,t,,"Police provinciale du Québec. Couvre la totalité du territoire québécois, notamment toutes les municipalités sans service de police municipal. Interventions d'urgence, enquêtes criminelles, sécurité routière. En cas d'urgence, composez le 911."
assurance-td,sans adresse,TD Assurance,soutienSocial,Assurance automobile,Province de Québec,QC,1-888-788-0839,,,Lun-ven 8h30-16h30. En ligne 24h/24 pour certains services.,t,t,,"Assurance auto et habitation offerte aux membres de groupes affiliés et clients TD. Service de réclamation 24h/24, voiture de remplacement et protection contre les accidents sans faute."
urgent-tel-jeunes,sans adresse,Tel-Jeunes (12–25 ans),santemental,Crise psychologique,Province de Québec,QC,1-800-263-2266,,,Lun-ven 8h30-16h30. Sur rendez-vous pour suivi.,t,t,,"Service d'écoute et d'intervention pour jeunes de 12 à 25 ans. Disponible 24h/24 par téléphone, texto et clavardage. Soutien pour idées suicidaires, dépression, violence, relations amoureuses, identité sexuelle, pression des pairs. Gratuit, confidentiel, sans jugement."
assurance-wawanesa,sans adresse,Wawanesa Assurance,soutienSocial,Assurance automobile,Province de Québec,QC,1-844-929-2637,,,Lun-ven 8h30-16h30. En ligne 24h/24 pour certains services.,t,t,,"Assureur mutuel reconnu pour ses prix compétitifs en assurance auto et habitation. Vendu via courtiers agréés au Québec. Service en français, assistance routière et gestion des réclamations réactive."
assurance-belairdirect,sans adresse,belairdirect,soutienSocial,Assurance automobile,Province de Québec,QC,1-888-270-3595,,,Lun-ven 8h30-16h30. En ligne 24h/24 pour certains services.,t,t,,"Assureur en ligne leader au Québec. Soumission et gestion de police 100% numérique. Assurance auto avec assistance routière incluse, déclaration de sinistre 24h/24 et tarifs compétitifs."
assurance-industrielle-alliance,sans adresse,iA Assurance,soutienSocial,Assurance automobile,Province de Québec,QC,1-800-463-6236,,,Lun-ven 8h30-16h30. En ligne 24h/24 pour certains services.,t,t,,"Industrielle Alliance (iA Groupe financier) offre assurance auto, habitation et vie au Québec. Siège social à Québec, réseau de conseillers partout dans la province et plateforme numérique complète."
info-social-811,sans adresse,Service Info-Social 811,santemental,Ligne d'écoute,Trois-Rivières,QC,811,,,"Service disponible 24h/24, 7j/7",t,t,,"Service téléphonique provincial d'écoute et de consultation en santé mentale. Disponible 24h/24, 7j/7. Répond à toutes les questions d'ordre psychosocial et oriente vers les ressources."
sk-211,sans adresse,211 Saskatchewan,soutienSocial,Référence communautaire,Province de la Saskatchewan,SK,211,https://sk.211.ca,,"211: disponible 7j/7, 8h-22h. Certaines régions: 24h/24.",t,f,,
sk-health-line,sans adresse,HealthLine Saskatchewan,sante,Info-Santé 24/7,Province de la Saskatchewan,SK,811,https://www.saskatchewan.ca/residents/health/accessing-health-care-services/healthline-online,,"Service disponible 24h/24, 7j/7",t,f,,
sk-lmi,sans adresse,Labour Market Information Saskatchewan,emploi,Services d'emploi,Province de la Saskatchewan,SK,1-800-667-7590,https://www.saskatchewan.ca/residents/employment,,Lun-ven 8h30-16h30. Sans RV ou sur RV selon service.,t,f,,
sk-cmhc-sk,sans adresse,SCHL – Saskatchewan,achatImmobilier,Aide à l'achat,Province de la Saskatchewan,SK,1-800-668-2642,https://www.cmhc-schl.gc.ca,,Lun-ven 9h-17h. Sam 9h-12h pour certains bureaux. En ligne 24h.,t,f,,
sk-sha,sans adresse,Saskatchewan Health Authority,sante,Réseau de la santé,Province de la Saskatchewan,SK,1-833-766-7427,https://www.saskhealthauthority.ca,,Lun-ven 8h30-16h30. Pour urgence: 811 (Info-Santé) ou urgence hospitalière.,t,f,,
sk-housing-sk,sans adresse,Saskatchewan Housing Corporation,logement,Logement subventionné,Province de la Saskatchewan,SK,306-787-4177,https://www.saskatchewan.ca/residents/housing,,Bureau lun-ven 8h30-16h30. Liste d'attente – inscription requise.,t,f,,
yt-211,sans adresse,211 Yukon,soutienSocial,Référence communautaire,Territoire du Yukon,YT,211,https://www.yt.211.ca,,"211: disponible 7j/7, 8h-22h. Certaines régions: 24h/24.",t,f,,
yt-811,sans adresse,811 – Info-Santé,sante,Info-Santé 24/7,Territoire du Yukon,YT,811,https://yukon.ca/fr/sante-et-securite,,"Service disponible 24h/24, 7j/7",t,f,,
yt-cmhc-yt,sans adresse,SCHL – Yukon,achatImmobilier,Aide à l'achat,Territoire du Yukon,YT,1-800-668-2642,https://www.cmhc-schl.gc.ca,,Lun-ven 9h-17h. Sam 9h-12h pour certains bureaux. En ligne 24h.,t,f,,
yt-employment-yt,sans adresse,Services aux travailleurs – Yukon,emploi,Services d'emploi,Whitehorse,YT,867-667-5811,https://yukon.ca/fr/faire-affaire-avec-le-gouvernement/embaucher-au-yukon,,Lun-ven 8h30-16h30. Sans RV ou sur RV selon service.,t,f,,
ab-cfs-ab,sans adresse,Children's Services Alberta,famille,Protection de l'enfance,Province de l'Alberta,AB,1-800-387-5437,https://www.alberta.ca/cs.aspx,,Service essentiel Alberta.,f,f,,
ab-cavac-ab,sans adresse,Victim Services Alberta,famille,Aide aux victimes,Province de l'Alberta,AB,1-866-845-5082,https://www.victimservices.alberta.ca,,Service essentiel Alberta.,f,f,,
bc-cfs-bc,sans adresse,Children and Family Services BC,famille,Protection de l'enfance,Province de la Colombie-Britannique,BC,1-800-663-9122,https://www.mcf.gov.bc.ca,,Service essentiel Colombie-Britannique.,f,f,,
bc-cavac-bc,sans adresse,Victim Services BC,famille,Aide aux victimes,Province de la Colombie-Britannique,BC,1-800-563-0808,https://www.victimsinfo.ca,,Service essentiel Colombie-Britannique.,f,f,,
mb-cfs,sans adresse,Child and Family Services MB,famille,Protection de l'enfance,Province du Manitoba,MB,1-800-665-6332,https://www.gov.mb.ca/fs/childfam/,,Service essentiel provincial.,f,f,,
nb-cfs,sans adresse,Services famille NB,famille,Protection de l'enfance,Province du Nouveau-Brunswick,NB,1-888-832-2226,https://www2.gnb.ca/enfance,,Service essentiel provincial.,f,f,,
ns-cfs,sans adresse,Children and Family Services NS,famille,Protection de l'enfance,Province de la Nouvelle-Écosse,NS,1-855-225-2148,https://www.novascotia.ca/dcs/cfs/,,Service essentiel provincial.,f,f,,
qc-immo-acceslogis,sans adresse,AccèsLogis Québec – SHQ,achatImmobilier,Programme accession propriété,Province de Québec,QC,1-800-463-4315,https://www.shq.gouv.qc.ca,,"Lun-ven 9h-17h. Programmes d'aide à l'achat, financement, services notariaux.",f,f,,
qc-immo-celiapp,sans adresse,CELIAPP – Compte épargne 1re propriété,achatImmobilier,Programme accession propriété,Province de Québec,QC,1-800-959-7383,https://www.canada.ca/fr/agence-revenu/services/impot/particuliers/sujets/reer-fonds-enregistres-revenu-retraite/compte-depargne-libre-impot-lachat-dune-premiere-propriete-celiapp.html,,"Lun-ven 9h-17h. Programmes d'aide à l'achat, financement, services notariaux.",f,f,,
qc-soc-fadoq,sans adresse,FADOQ – Réseau aînés Québec,soutienSocial,Soutien communautaire spécialisé,Province de Québec,QC,1-800-544-9058,https://www.fadoq.ca,,Lun-ven 8h30-16h30. Défense des droits et services spécialisés.,f,f,,
qc-soc-aines-montreal,sans adresse,Ligne Aide abus aînés,soutienSocial,Soutien communautaire spécialisé,Province de Québec,QC,1-888-489-2287,https://www.aideabusaines.ca,,Lun-ven 8h30-16h30. Défense des droits et services spécialisés.,f,f,,
qc-soc-ophq,sans adresse,OPHQ – Office personnes handicapées QC,soutienSocial,Soutien communautaire spécialisé,Province de Québec,QC,1-800-567-1465,https://www.ophq.gouv.qc.ca,,Lun-ven 8h30-16h30. Défense des droits et services spécialisés.,f,f,,
qc-immo-rap-reer,sans adresse,RAP – Régime accession propriété (REER),achatImmobilier,Programme accession propriété,Province de Québec,QC,1-800-959-7383,https://www.canada.ca/fr/agence-revenu/services/impot/particuliers/sujets/reer-fonds-enregistres-revenu-retraite/regime-accession-propriete.html,,"Lun-ven 9h-17h. Programmes d'aide à l'achat, financement, services notariaux.",f,f,,
qc-log-montreal-rclalq,sans adresse,RCLALQ – Réseau droits locataires QC,logement,Droits locataires,Province de Québec,QC,514-521-7114,https://www.rclalq.qc.ca,,Lun-ven 9h-17h. Consultation et défense des droits des locataires.,f,f,,
centre911-quebec,sans adresse,Centre 911 de Québec,soutienSocial,Centre 911,Québec,QC,911,,,"Service disponible 24h/24, 7j/7",f,t,,"Centre d'appels d'urgence 911 pour la Ville de Québec et sa région. Dispatch de la police (SPQ), des pompiers et des ambulances pour tous les arrondissements. Réception 24h/24. Composez le 911."
centre911-baslaurent,sans adresse,Centre 911 — Bas-Saint-Laurent,soutienSocial,Centre 911,Rimouski,QC,911,,,"Service disponible 24h/24, 7j/7",f,t,,"Centre 911 pour le Bas-Saint-Laurent. Dispatch pour Rimouski, Rivière-du-Loup, Matane, Amqui. ⚠️ Plusieurs municipalités rurales ont des délais plus longs. Composez le 911."
centre911-abitibi,sans adresse,Centre 911 — Abitibi-Témiscamingue,soutienSocial,Centre 911,Rouyn-Noranda,QC,911,,,"Service disponible 24h/24, 7j/7",f,t,,"Centre 911 pour l'Abitibi-Témiscamingue. Dispatch pour Rouyn-Noranda, Val-d'Or, Amos, Ville-Marie. ⚠️ Région étendue avec couverture inégale — délais ambulanciers parfois élevés en territoire éloigné. Composez le 911."
centre911-saguenay,sans adresse,Centre 911 de Saguenay — Lac-Saint-Jean,soutienSocial,Centre 911,Saguenay,QC,911,,,"Service disponible 24h/24, 7j/7",f,t,,"Centre de dispatch 911 pour Saguenay et le Saguenay-Lac-Saint-Jean. Couvre Chicoutimi, Jonquière, La Baie, Alma et les municipalités environnantes. Composez le 911."
centre911-monteregie,sans adresse,Centre 911 — Montérégie,soutienSocial,Centre 911,Saint-Jean-sur-Richelieu,QC,911,,,"Service disponible 24h/24, 7j/7",f,t,,"Centre 911 pour la Montérégie. Dispatch pour Saint-Jean-sur-Richelieu, Vaudreuil, Châteauguay, Saint-Hyacinthe, Granby et toute la région. Composez le 911."
centre911-laurentides,sans adresse,Centre 911 — Laurentides,soutienSocial,Centre 911,Saint-Jérôme,QC,911,,,"Service disponible 24h/24, 7j/7",f,t,,"Centre 911 pour la région des Laurentides. Dispatch pour Saint-Jérôme, Mirabel, Mont-Tremblant, Sainte-Agathe et les municipalités environnantes. Composez le 911."
centre911-cote-nord,sans adresse,Centre 911 — Côte-Nord,soutienSocial,Centre 911,Sept-Îles,QC,911,,,"Service disponible 24h/24, 7j/7",f,t,,"Centre 911 pour la Côte-Nord. Dispatch pour Sept-Îles, Baie-Comeau, Havre-Saint-Pierre. ⚠️ Territoire parmi les plus étendus du Québec — couverture ambulancière limitée dans les zones isolées. Composez le 911."
centre911-sherbrooke,sans adresse,Centre 911 de Sherbrooke — Estrie,soutienSocial,Centre 911,Sherbrooke,QC,911,,,"Service disponible 24h/24, 7j/7",f,t,,"Centre 911 pour Sherbrooke et la région de l'Estrie. Dispatch police, pompiers et ambulances en temps réel. Composez le 911."
centre911-trois-rivieres,sans adresse,Centre 911 de Trois-Rivières — Mauricie,soutienSocial,Centre 911,Trois-Rivières,QC,911,,,"Service disponible 24h/24, 7j/7",f,t,,"Centre d'urgence 911 pour Trois-Rivières, Shawinigan et la région de la Mauricie. Dispatch de la police, des pompiers et des ambulances. Composez le 911."
sk-cfs,sans adresse,Ministry Social Services SK,famille,Protection de l'enfance,Province de la Saskatchewan,SK,1-866-759-6677,https://www.saskatchewan.ca/residents/family-and-social-support,,Service essentiel provincial.,f,f,,